shutterstock_id,contributor,test
16042a,David Magnus/Shutterstock,FALSE
117201a,Shutterstock,FALSE
177160a,Shutterstock,FALSE
1887c,Shutterstock,FALSE
677a,Shutterstock,FALSE
306570k,Shutterstock,FALSE
206802a,Shutterstock,FALSE
5122266c,Alex Berliner/BEI/Shutterstock,FALSE
271097g,Dezo Hoffman/Shutterstock,FALSE
300440g,Harry Myers/Shutterstock,FALSE
203015hz,Dezo Hoffman/Shutterstock,FALSE
547120k,Dezo Hoffman/Shutterstock,FALSE
300440f,Harry Myers/Shutterstock,FALSE
16660b,Mike Randolph/Shutterstock,FALSE
155628ye,Dezo Hoffman/Shutterstock,FALSE
547120j,Dezo Hoffman/Shutterstock,FALSE
207124e,Tim Rooke/Shutterstock,FALSE
5146439ea,Bei/Shutterstock,FALSE
5152098c,Berliner Studio/BEI/Shutterstock,FALSE
5134096a,Bei/Shutterstock,FALSE
207124d,Tim Rooke/Shutterstock,FALSE
205791g,Randy Bauer/Shutterstock,FALSE
205072a,Keith Butler/Shutterstock,FALSE
5134785be,Bei/Shutterstock,FALSE
312253a,Nils Jorgensen/Shutterstock,FALSE
543772h,Dezo Hoffman/Shutterstock,FALSE
203805l,Shutterstock,FALSE
294422a,Dezo Hoffman/Shutterstock,FALSE
543772s,Dezo Hoffman/Shutterstock,FALSE
141414bx,Dezo Hoffman/Shutterstock,FALSE
141414bj,Dezo Hoffman/Shutterstock,FALSE
9789400i,Alan Davidson/Shutterstock,FALSE
5140481a,Bei/Shutterstock,FALSE
7543805d,Alan Davidson/Shutterstock,FALSE
13285a,Shutterstock,FALSE
5739a,Sharok Hatami/Shutterstock,FALSE
244096ae,Hatami/Shutterstock,FALSE
460457e,Sharok Hatami/Shutterstock,FALSE
244096n,Hatami/Shutterstock,FALSE
244096aj,Hatami/Shutterstock,FALSE
421876j,Sharok Hatami/Shutterstock,FALSE
447172d,Sharok Hatami/Shutterstock,FALSE
271097l,Dezo Hoffman/Shutterstock,FALSE
234323f,Dezo Hoffman/Shutterstock,FALSE
5850894mv,Alfredo Dagli Orti/Shutterstock,FALSE
5850894nd,Alfredo Dagli Orti/Shutterstock,FALSE
155628ea,Dezo Hoffman/Shutterstock,FALSE
84741d,David Magnus/Shutterstock,FALSE
128875b,Nils Jorgensen/Shutterstock,FALSE
128875a,Nils Jorgensen/Shutterstock,FALSE
223189c,Randy Bauer/Shutterstock,FALSE
5121134i,Alex Berliner/BEI/Shutterstock,FALSE
5136687b,Bei/Shutterstock,FALSE
9789525az,Alan Davidson/Shutterstock,FALSE
5135660l,Bei/Shutterstock,FALSE
327097c,Nils Jorgensen/Shutterstock,FALSE
7551159a,Alan Davidson/Shutterstock,FALSE
7551157a, Alan Davidson/Shutterstock,FALSE
99151f,Nils Jorgensen/Shutterstock,FALSE
5134980n,Bei/Shutterstock,FALSE
371829t,Dezo Hoffman/Shutterstock,FALSE
188651g,Nils Jorgensen/Shutterstock,FALSE
371829bc,Dezo Hoffman/Shutterstock,FALSE
9789476a,Alan Davidson/Shutterstock,FALSE
155628vh,Dezo Hoffman/Shutterstock,FALSE
155628vk,Dezo Hoffman/Shutterstock,FALSE
155628wb,Dezo Hoffman/Shutterstock,FALSE
9790047a,Alan Davidson/Shutterstock,FALSE
177792e,Dezo Hoffman/Shutterstock,FALSE
177792i,Dezo Hoffman/Shutterstock,FALSE
5135974cj,Bei/Shutterstock,FALSE
169446b,Shutterstock,FALSE
101031c,NJ/Shutterstock,FALSE
16058t,David Magnus/Shutterstock,FALSE
16058f,David Magnus/Shutterstock,FALSE
16171ae,David Magnus/Shutterstock,FALSE
16685a,David Magnus DMR/Shutterstock,FALSE
16685c,David Magnus DMR/Shutterstock,FALSE
16685d,David Magnus DMR/Shutterstock,FALSE
101120b,Nils Jorgensen/Shutterstock,FALSE
161873h,Keith Butler/Shutterstock,FALSE
161873i,Keith Butler/Shutterstock,FALSE
5134188e,Bei/Shutterstock,FALSE
92928b,Nils Jorgensen/Shutterstock,FALSE
92928e,Nils Jorgensen/Shutterstock,FALSE
92928f,Nils Jorgensen/Shutterstock,FALSE
66797b,Chris Capstick/Shutterstock,FALSE
66797c,Chris Capstick/Shutterstock,FALSE
92928g,Nils Jorgensen/Shutterstock,FALSE
450727a,Berliner StudioInc/Shutterstock,FALSE
7543850g,Alan Davidson/Shutterstock,FALSE
7544076b,Alan Davidson/Shutterstock,FALSE
7543301o,Alan Davidson/Shutterstock,FALSE
13183c,David Magnus/Shutterstock,FALSE
417778ao,Harry Myers/Shutterstock,FALSE
79725c,Chris Craymer/Shutterstock,FALSE
420278h,Harry Myers/Shutterstock,FALSE
371988dd,Dezo Hoffman/Shutterstock,FALSE
79725b,Shutterstock,FALSE
5133639e,Bei/Shutterstock,FALSE
155628af,Alan Messer/Shutterstock,FALSE
371988cy,Dezo Hoffman/Shutterstock,FALSE
330846i,Harry Myers/Shutterstock,FALSE
371739y,Dezo Hoffman/Shutterstock,FALSE
371739aa,Dezo Hoffman/Shutterstock,FALSE
11566a,Shutterstock,FALSE
306999a,Shutterstock,FALSE
8164a,Shutterstock,FALSE
82693a,Eugene Adebari/Shutterstock,FALSE
5146609m,Bei/Shutterstock,FALSE
5139616c,Bei/Shutterstock,FALSE
5139717a,Bei/Shutterstock,FALSE
5139616a,Bei/Shutterstock,FALSE
5139616b,Bei/Shutterstock,FALSE
10994b,David Magnus/Shutterstock,FALSE
10994d,David Magnus/Shutterstock,FALSE
343417mn,Alan Messer/Shutterstock,FALSE
9789998o,Alan Davidson/Shutterstock,FALSE
5135727dr,Bei/Shutterstock,FALSE
158917d,Nils Jorgensen/Shutterstock,FALSE
5137155m,Bei/Shutterstock,FALSE
12038a,Dezo Hoffman/Shutterstock,FALSE
11101c,Dezo Hoffman/Shutterstock,FALSE
11101g,Dezo Hoffman/Shutterstock,FALSE
11101h,Dezo Hoffman/Shutterstock,FALSE
11101l,Dezo Hoffman/Shutterstock,FALSE
12038c,Dezo Hoffman/Shutterstock,FALSE
12693i,Dezo Hoffman/Shutterstock,FALSE
12917f,Dezo Hoffman/Shutterstock,FALSE
9671j,Dezo Hoffman/Shutterstock,FALSE
12917g,Dezo Hoffman/Shutterstock,FALSE
371705g,Dezo Hoffman/Shutterstock,FALSE
8022a,David Magnus/Shutterstock,FALSE
306543a,Shutterstock,FALSE
5136958l,Bei/Shutterstock,FALSE
5136150g,Bei/Shutterstock,FALSE
9789312a,Alan Davidson/Shutterstock,FALSE
9789312x,Alan Davidson/Shutterstock,FALSE
9789312bb,Alan Davidson/Shutterstock,FALSE
5120024t,Alex Berliner/BEI/Shutterstock,FALSE
150979f,Peter Brooker/Shutterstock,FALSE
328902i,Eddie Wing/Shutterstock,FALSE
450727h,Berliner StudioInc/Shutterstock,FALSE
4074109k,Bei/Shutterstock,FALSE
30899a,Shutterstock,FALSE
6632a,Shutterstock,FALSE
284539a,Shutterstock,FALSE
20750a,Shutterstock,FALSE
9789448a,Alan Davidson/Shutterstock,FALSE
6638d,Shutterstock,FALSE
423065w,Sharok Hatami/Shutterstock,FALSE
201134b,Keith Butler/Shutterstock,FALSE
6638c,Shutterstock,FALSE
6638b,Shutterstock,FALSE
8621a,Shutterstock,FALSE
261432a,Shutterstock,FALSE
423065n,Sharok Hatami/Shutterstock,FALSE
67286a,Shutterstock,FALSE
80219a,Shutterstock,FALSE
80221a,Shutterstock,FALSE
14667c,David Magnus/Shutterstock,FALSE
14667b,David Magnus/Shutterstock,FALSE
4522a,Shutterstock,FALSE
6586a,Dezo Hoffman/Shutterstock,FALSE
450727aj,Berliner StudioInc/Shutterstock,FALSE
343417ka,Alan Messer/Shutterstock,FALSE
134470b,Peter Brooker/Shutterstock,FALSE
371988x,Dezo Hoffman/Shutterstock,FALSE
203015he,Dezo Hoffman/Shutterstock,FALSE
149045a,Nils Jorgensen/Shutterstock,FALSE
343417jq,Dezo Hoffman/Shutterstock,FALSE
144963c,Nils Jorgensen/Shutterstock,FALSE
10183g,Shutterstock,FALSE
10183i,Shutterstock,FALSE
10183j,Shutterstock,FALSE
270669a,Dezo Hoffman/Shutterstock,FALSE
68181a,Shutterstock,FALSE
68181b,Shutterstock,FALSE
68181c,Shutterstock,FALSE
68181e,John Hannah/Shutterstock,FALSE
68181f,John Hannah/Shutterstock,FALSE
10183d,Shutterstock,FALSE
10183e,Shutterstock,FALSE
10183b,Shutterstock,FALSE
170986b,Andrew Laenen/Shutterstock,FALSE
941155c,Nils Jorgensen/Shutterstock,FALSE
941155l,Nils Jorgensen/Shutterstock,FALSE
8971110al,Chelsea Lauren/Shutterstock,FALSE
5135693a,Bei/Shutterstock,FALSE
8971110ag,Chelsea Lauren/Shutterstock,FALSE
318273r,Peter Brooker/Shutterstock,FALSE
318826bn,Stewart Cook/Shutterstock,FALSE
9789306d,Alan Davidson/Shutterstock,FALSE
264270a,Nils Jorgensen/Shutterstock,FALSE
419481d,Harry Myers/Shutterstock,FALSE
7528979bq,Alan Davidson/Shutterstock,FALSE
7543947h,Alan Davidson/Shutterstock,FALSE
7543947ap,Alan Davidson/Shutterstock,FALSE
7543945b,Alan Davidson/Shutterstock,FALSE
460457q,Sharok Hatami/Shutterstock,FALSE
